Mine name	Site	Country	Latitude	Longitude	Lat/Long	sources	season conform image	metadata	comments
FimistonOpenPit	Fimiston	Australia	-30.777472	121.50546		https://www.mindat.org/loc-192453.html   https://en.wikipedia.org/wiki/Super_Pit_gold_mine 	yes	Fimiston Open Pit Mine is the largest open cut gold mine in Australia. The gold within this system is unusual in that it is present as telluride minerals within pyrite. In order to recover the gold, the ore must be crushed, passed through a gravity circuit to recover the free gold, and then subjected to flotation to produce an auriferous pyrite-telluride concentrate. The pit, currently owned by Northern Star Resources, is over 3.5 kilometers long, some 1.5 kilometers wide and over 600 meters deep. The site is located directly east of the town of Kalgoorlie.	
QuebradaBlancaMine	Quebrada Blanca Mine, Collahuasi mining district, Pica, Tamarugal Province, Tarapacá	Chile	-21.00168	-68.80858	-21.00168,-68.80858	https://www.mindat.org/loc-188053.html  https://en.wikipedia.org/wiki/Quebrada_Blanca   https://www.teck.com/operations/chile/operations/quebrada-blanca/ 	yes	Quebrada Blanca is a copper mine located in the Atacama Desert of northern Chile at an elevation of 4’400 meters, approximately 1’500 kilometers from Santiago. Copper concentrate processed at the site is transported to the port facility for loading onto ship for transport to market. Quebrada Blanca is majority owned by Teck Resources and uses desalinated seawater for all production processes. In 2023 the mine produced 64’300 tons of copper.	
RedLakeMines	Balmertown area, Kenora District, Ontario	Canada	51.064061	-93.749712		https://www.mindat.org/loc-46498.html   https://evolutionmining.com.au/red-lake/	yes	Balmertown is a community within the Municipality of Red Lake, located in the Red Lake gold district, Kenora District, Ontario, Canada, on the traditional lands of the Wabauskang and Lac Seul First Nations. It's part of a region known for its high-grade gold deposits, particularly within the Balmer Assemblage of Archean rocks. The Red Lake gold district  and its underground mines are being restored and expanded in 2025.	
CrowsNestPass	Coleman, Crows Nest Pass, Alberta	Canada	49.634839	-114.675732		https://www.mindat.org/loc-56461.html   https://nationaltrustcanada.ca/nt-endangered-places/crowsnest-pass-mining-complexes-and-colemans-historic-downtown    https://www.sciencedirect.com/science/article/pii/S0269749124000423	yes	In the early 20th century, the Crowsnest Pass Coal mines in the Canadian Rockies were home to languages and cultures of European immigrants. Through the years, coal mining suffered from fluctuating coal prices, bitter strikes, and underground accidents. The mines are now silent symbols of generations of workers and their families, and the changing fortunes of the mining industry. A recent study found that mountaintop removal coal mining such as that practiced in Crowsnest increases the discharge of mine effluent to rivers, underscoring the lasting downstream impacts of abandoned and even reclaimed coal mines.	
KingsMountainLithiumMine	Cleveland County, North Carolina	USA	35.22278	-81.35389		https://www.mindat.org/loc-100510.html     https://en.wikipedia.org/wiki/Kings_Mountain_Mine	yes	The Kings Mountain Mine is a large open-pit mine with over 100 different mineral specimens on the south side of Kings Mountain in Cleveland County, North Carolina. Its open-pit has been excavated in one of the largest bedrock lithium deposits in the United States. Albemarle has started the permitting process to resume open pit mining and expand the old gold mine,idled in the early 1990s.	The DIGGINS: https://thediggings.com/ 
BeauvoirQuarry	Échassières, Vichy, Allier, Auvergne-Rhône-Alpes	France	46.17894	2.95387		https://www.mindat.org/loc-45991.html   https://emili.imerys.com/lhistoire-du-site	yes	The history of the Beauvoir quarry reaches all the way back to the bronze age. In the 19th century the mineral Kaolin was first found on site and used for ceramics. Kaolin mining was industrialized in the early 21st century. Already in the 1960s granite bearing lithium was identified, and more recently field studies found economically significant deposits of lithium in the mine area.	
KalongweDeposit	Kalongwe deposit, Mutshatsha, Lualaba	 DR Congo	-11.016389	25.226111	-11.016389, 25.226111	https://www.mindat.org/loc-14738.html   https://www.nsenergybusiness.com/projects/kalongwe-copper-cobalt-project/?cf-view	yes	The Kalongwe copper-cobalt project, located near Mutshatsha about 60 km southwest of Kolwezi in Lualaba Province, DRC, lies on the western Central African Copper Belt and hosts deeply weathered, sediment-hosted, high-grade oxide mineralization. As of April 2018, it contained 7.99 Mt of proven and probable reserves grading 2.94% copper and 0.34% cobalt. Conventional open-pit mining with drilling, blasting, and truck-shovel operations will be employed, using 90 t excavators, 40 t articulated dump trucks, and a top-hammer drill rig, positioning Kalongwe as a significant source of near-surface copper and cobalt resources.	
MutshatshaMine	Lualaba	DR Congo	-10.713031	25.393977		https://www.mindat.org/loc-14352.html   https://lualaba-investment.com/mutshatsha/	yes	The Kalongwe copper and cobalt project, located near Mutshatsha about 60 kilometres southwest of Kolwezi in Lualaba Province of the Democratic Republic of the Congo, lies on the western Central African Copper Belt and hosts deeply weathered, sediment-hosted, high-grade oxide mineralisation. As of April 2018, it contained 7.99 million tonnes of proven and probable reserves grading 2.94 percent copper and 0.34 percent cobalt. Conventional open-pit mining with drilling, blasting, and truck-shovel operations will be employed, using 90-tonne excavators, 40-tonne articulated dump trucks, and a top-hammer drill rig, making Kalongwe a significant source of near-surface copper and cobalt resources.	
KolweziMine	Kolwezi, Mutshatsha, Lualaba	Dr Congo	-10.72757	25.45602	-10.72757,25.45602	https://www.mindat.org/loc-4329.html   https://www.britannica.com/place/Kolwezi   https://ejatlas.org/print/kolwezi-ecological-and-sanitary-disaster	yes	Kolwezi, in Mutshatsha Territory of Lualaba Province in the Democratic Republic of the Congo, is a global hub for copper and cobalt extraction. Situated near the Zilo Gorges of the Lualaba River on the Lubumbashi–Lobito transport corridor, it evolved from precolonial artisanal mining to large-scale industrial operations initiated by Belgian interests in the early twentieth century. Its landscape is now dominated by vast mechanised pits producing huge volumes of copper and cobalt. A 2021 Guardian report notes that Chinese companies control most of these mines, where Congolese workers report exploitation, discrimination, and racism under the new management.	
TancoMine	Bernic Lake, Lac-du-Bonnet, Manitoba	Canada	50.432063	-95.445967		https://www.mindat.org/loc-505.html	yes	The Tanco Mine at Bernic Lake in the Lac du Bonnet area of Manitoba, Canada, is a world-class source of tantalum, lithium and caesium from the Tanco Pegmatite. This 2.67-billion-year-old, highly differentiated and strongly zoned pegmatite was first discovered in 1930 and later mined for tin, beryl, lithium, tantalum and caesium at various periods. Its pollucite deposit, the largest known globally, contains about 350,000 tons of caesium—roughly two-thirds of the world’s identified resources. Operations passed from The Tantalum Mining Corporation of Canada to Cabot Corporation in 1993 and to Sinomine in 2019, which continues caesium brine production.	
FooteLithiumMine	Kings Mountain, North Carolina	USA	35.223294	-81.346337		https://www.mindat.org/loc-3280.html     https://collection-place.com/locality/3280	yes	The Foote Lithium Co. Mine is nestled in Kings Mountain in Cleveland County, North Carolina. This location is part of the Kings Mountain Mining District, historically significant for minerals like gold, lithium, and mica.  The mine is renowned for its lithium, extracted mainly from spodumene, and it boasts an impressive array of over 160 valid minerals, with 16 being type localities. It is famous for a variety of rare phosphates and silicates. The Foote Mine and its operations are now under the ownership of the Albemarle Corporation.	
KoktokayAltayMIne	Aletai Prefecture, Xinjiang	China	47.20668	89.81641		https://www.mindat.org/loc-20274.html   https://pubs.geoscienceworld.org/ejm/eurjmin/article-abstract/27/3/433/523130/Mineralogy-of-the-Koktokay-No-3-pegmatite-Altai-NW?redirectedFrom=fulltext	yes	The Koktokay No. 3 pegmatite in Xinjiang, China, is a highly evolved lithium-beryllium-niobium-tantalum-cesium granitic pegmatite of the spodumene subtype and the largest rare-metal deposit in the Chinese Altai orogenic belt. It displays a distinctive concentric zonation with nine mineralogical-textural zones from a graphic pegmatite rim to a quartz-microcline core. Its cupola-shaped section measures about 250 meters in each dimension. Historically worked for pollucite, spodumene, lepidolite, beryl and columbite-tantalite, the deposit exemplifies an exceptional pegmatitic system with significant rare-metal resources and a well-preserved internal structure.	
BurangaMine	Buranga pegmatite, Muhororo, Ngororero District, Western Province	Rwanda	-1.92139	29.65417		https://www.mindat.org/loc-2824.html   https://pwr.ltd/mining	yes	The Buranga pegmatite in Muhororo, Ngororero District, Western Province of Rwanda, is an unusual aluminium-rich and iron-manganese-rich phosphate pegmatite within a region known for lithium-caesium-tantalum deposits. Set amid the scenic hills of western Rwanda, it represents an important source of strategic minerals. Ongoing work focuses on defining resources and improving recovery rates of lithium, kaolin, silica and mica as part of an expanding feasibility study, highlighting the deposit’s potential for contributing to the country’s growing rare-metal and industrial mineral sector.	
AidyrlaGoldDeposit	Aidyrlya River, Orenburg Oblast	Russia	52.06083	59.84639		https://www.mindat.org/loc-2793.html 	yes	The Aidyrlya gold deposit, situated along the Aidyrlya River in Orenburg Oblast, Russia, lies within the Ural River basin via its tributary, the Suunduk River. This locality is recognised for its diverse mineralogy, including members of the serpentine subgroup, and is notable for exploitable or exploited commodities such as gold and tungsten. Its geological setting and resource profile make it an important site for studying mineralisation patterns and evaluating the economic potential of precious and strategic metals within the region.	
MirnyMine	Mirny Mine, Mirny, Mirninsky District, Sakha	Russia	62.52988	113.98743	62.52988,113.98743	https://www.mindat.org/loc-17899.html 	yes	The Mirny Mine in Mirny, Sakha, Russia, is a diamond-producing kimberlite deposit originally developed as a 525-meter-deep open pit with a diameter of 1,200 meters, making it the second-largest excavated hole in the world. Discovered in 1955, open-pit operations ceased in 2001, after which mining continued underground. By 1999, all production was underground, with a current capacity of 500 thousand tons of ore annually and a design capacity of one million tons per year. The mine’s projected lifespan extends to 2043, supporting its status as a significant source of diamonds in Russia.	
BishaMine	Gash Barka Region	Eritrea	15.50988	37.51016		https://www.mindat.org/loc-186832.html    https://www.mining-technology.com/projects/bisha-project/	yes	The Bisha Mine, located 150 kilometres west of Asmara in Eritrea’s Gash Barka Region, is a large open-pit volcanic-associated massive sulfide deposit producing copper, zinc, gold, and silver. Covering a licensed mining and exploration area of 110 square kilometres, it contains reserves of 3.09 million tonnes of zinc and 800,000 tonnes of copper. The project is operated jointly by Zijin Mining, holding 55 percent, and Eritrean National Mining, holding 45 percent. Its high-grade ore and strategic metal content make Bisha a key contributor to Eritrea’s mining sector and regional mineral production.	
ImourarenUraniumMine	Arlit, Agadez	Niger	18.076698	7.345089		https://www.mindat.org/loc-186339.html   https://en.wikipedia.org/wiki/Imouraren_mine	yes	The Imouraren uranium mine, located about 80 kilometres south of Arlit in Niger’s Agadez Region, hosts one of the country’s largest uranium reserves, with 109.1 million tonnes of ore grading 0.06 percent uranium. The sandstone-hosted deposit was developed by French company Areva and SOPaMin on behalf of the Nigerien government. Excavations began in 2012 following a 2009 operating permit but were suspended in 2015 due to low uranium prices. In 2023, Orano explored in-situ recovery methods for extraction, raising concerns over potential impacts on local water resources.	
HoucaoBauxiteDeposit	Bozhou District, Zunyi, Guizhou	China	27.462599	107.038012		https://www.mindat.org/loc-226020.html   https://zarmesh.com/wp-content/uploads/2019/07/Giant-bauxite-deposits-of-South-China-Multistage-formation-l_2019_Ore-Geolo.pdf	yes	The Houcao bauxite deposit in Bozhou District, Zunyi, Guizhou, China, forms part of the Lower Carboniferous Jiujialu Formation and consists of thick, cyclic layers of bauxite ore and bauxitic claystone. Developed through intense chemical weathering and leaching, the deposit is rich in aluminum oxide and the mineral diaspore, with low silica content, reflecting formation in a well-drained environment. As the primary source of metallic aluminum, bauxite from Houcao is a vital strategic mineral, essential for aluminum production, supporting industrial development, and underpinning the supply of this key metal for manufacturing and infrastructure.	
TsumebMine	Green hill open mine, Tsumeb Mine (Ongopolo Mine), Tsumeb, Oshikoto Region	Namibia	-19.23977	17.71588		https://www.mindat.org/loc-455315.html    https://en.wikipedia.org/wiki/Tsumeb 	yes	The Tsumeb Mine in Namibia is a world-renowned copper, lead, zinc, silver, germanium, and cadmium deposit, noted for its exceptional mineral diversity, with at least 170 species recorded, including 20 unique to the locality. Formation occurred in a non-arid environment with oxygen-rich groundwater, promoting leaching and redeposition of elements into crystalline structures. The nearby metal smelter, historically operated by Namibia Custom Smelters and sold by Weatherly International to Dundee Corporation in 2010, has contributed to significant soil contamination with arsenic and other heavy metals, highlighting both the site’s economic importance and environmental challenges	
KoashvaQuarry	Koashva Mountain, Murmansk Oblast	Russia	67.652914	34.013024		https://www.mindat.org/loc-2672.html   https://rruff.info/uploads/MAlm11_9.pdf	no	The Koashva Open Pit on Koashva Mountain, Khibiny Massif, Murmansk Oblast, Russia, is a major apatite deposit operated by Apatite Joint-Stock Company, a leading producer of phosphate raw materials for fertiliser. Located near Lake Umbozero, the deposit lies within an alkaline massif featuring ultra-agpaitic pegmatites, urtite, foidolites, apatite-nepheline rocks, and various mineral veins. Discovered in 1959, Koashva hosts a series of lens-shaped ore bodies extending over three kilometres, with thickness decreasing from 200–300 metres near the surface to several metres at depth, making it the richest deposit in the Khibiny and a key resource for phosphate production.	
BuckwheatPit	Franklin, Sussex County, New Jersey	USA	41.11472	-74.58722		https://www.mindat.org/loc-6833.html   https://www.sussex.nj.us/cn/webpage.cfm?tpid=18394	yes	The Buckwheat Pit at the former Franklin Mine in Sussex County, New Jersey, represents a remnant of historic zinc ore extraction. Opened in 1866 in a buckwheat field and later expanded as the Taylor Mine, it operated with an aerial tramway until its closure around 1912, while underground mining nearby persisted until 1954. The site contains zinc and iron ore veins within Franklin Marble, a late Ordovician lamprophyre dike, and vuggy Buckwheat Dolomite Marble of Paleozoic age. These distinctive formations produced an extraordinary range of minerals, including more than one hundred species known to fluoresce under ultraviolet light.	
KorshunovskoyeIronDeposit	Zheleznogorsk-Ilimsky, Nizhneilimsky District, Irkutsk Oblast	Russia	56.54768	104.12695		https://www.mindat.org/loc-7243.html	yes	The Korshunovskoye iron deposit near Zheleznogorsk-Ilimsky in the Nizhneilimsky District of Irkutsk Oblast, Russia, is a notable skarn-type formation. It contains iron-rich mineralization associated with explosive pipes hosted in salt-bearing strata. This geological setting has produced significant concentrations of iron alongside boron-related minerals, reflecting complex processes of metasomatism and hydrothermal activity.	
UdachnayaMine	Udachnaya pipe, Daldyn, Mirninsky District, Sakha	Russia	66.43333	112.31667		https://www.mindat.org/loc-5801.html	yes	The Udachnaya open-pit mine in the Daldyn area of the Mirninsky District, Sakha Republic, Russia, exploits two intersecting kimberlite pipes intruded into Lower Ordovician limestone. Containing diamond eclogite, dunite, and peridotite xenoliths, the pit extends about 640 metres deep, making it one of the world’s deepest of its type. Discovered in 1955 shortly after the Mir pipe, it forms part of the Daldyn-Alakit kimberlite field. The nearby settlement of Udachny takes its name from this deposit, which holds vast diamond reserves and produces millions of carats annually under the management of the Russian company Alrosa.	
PalaboraMine	Phalaborwa, Ba-Phalaborwa Local Municipality, Mopani District, Limpopo	South Africa	-23.99204	31.12808		https://www.mindat.org/loc-3091.html   https://en.wikipedia.org/wiki/Palabora	yes	Palabora Mine in Phalaborwa, Limpopo, is operated by Palabora Mining Company Limited, established in 1956. It is South Africa’s only active copper producer and the largest employer in Ba-Phalaborwa. Initially an open-pit, it transitioned to underground mining between 2001 and 2004. The site yields copper cathode and rod, as well as nickel sulfate, sulfuric acid, magnetite, vermiculite, precious metals, uranium, zirconium, platinum, and phosphate. The mine lies within the 1,950-hectare Phalaborwa Complex of pyroxenite, foskorite, and sövite carbonatite, containing vast apatite resources and accessory minerals including uraninite, thorianite, and baddeleyite extracted through large-scale operations.	
ArgyleDiamondMine	Wyndham-East Kimberley Shire, Western Australia	Australia	-16.71639	128.38889		https://www.mindat.org/loc-4301.html	yes	The Argyle Diamond Mine in the remote East Kimberley region of Western Australia was discovered in 1979 and became the world’s first commercially successful diamond operation exploiting a lamproite pipe. Commencing production in 1983 and transitioning from open-pit to underground mining in 2013, it yielded more than 865 million carats of rough diamonds before ceasing operations in November 2020. Operated by Rio Tinto, Argyle was the largest global producer of natural diamonds by volume and the principal source of pink and red stones, also supplying rare blue, champagne, cognac, near-gem and industrial diamonds over its 37-year lifespan.	
SanValentínMine	La Unión, Murcia	Spain	37.60893	-0.85699		https://www.mindat.org/loc-11533.html  https://www.mdpi.com/2072-4292/12/12/2042	yes	The San Valentín Mine near La Unión in Murcia, Spain, is a large open-pit operation historically exploited for lead, zinc, and iron ores. Extensive mining and processing of pyrite, sphalerite, galena, and cassiterite from nearby deposits between 1952 and 1981 generated substantial flotation tailings and waste materials. These abandoned deposits, including the Descargador mine pond, have altered the local landscape, disrupted natural drainage, and contributed to widespread soil, water, and ecosystem contamination. The resulting geochemical hazards pose ongoing risks to human health and threaten the Mar Menor coastal lagoon, highlighting the urgent need for environmental remediation.	
ThompsonMine	Moab-Setting Lakes area, Thompson Nickel Belt, Manitoba	Canada	55.71976	-97.83531		https://www.mindat.org/loc-506.html   https://heritage.enggeomb.ca/index.php/Thompson_Nickel_Discovery_-_Inco_Mine   https://www.canadianminingjournal.com/featured-article/mining-in-canada-critical-minerals-exploration/   https://en.wikipedia.org/wiki/Thompson,_Manitoba	yes	The Thompson Mine in the Moab-Setting Lakes area of the Thompson Nickel Belt in Manitoba, Canada, is an open-pit operation that began in 1986 to extract high-grade nickel sulfide. It is located near the planned city of Thompson, established in 1956 along the Burntwood River, which serves as the largest urban and service hub in northern Manitoba, providing health care, education, retail trade, and transportation links to many remote Indigenous communities. The region, the world’s fifth-largest nickel belt, has yielded billions of pounds of nickel yet remains underexplored, supported by extensive infrastructure and clean hydroelectric power for future low-carbon development.	
MaryKathleenMine	Mary Kathleen district, Rosebud Station, Cloncurry Shire, Queensland	Australia	-20.74714	140.01205		https://www.mindat.org/loc-12502.html	yes	The Mary Kathleen Mine in north-western Queensland, Australia, operated east of Mount Isa between 1956 and 1963 and again from 1975 to 1982. Developed by Mary Kathleen Uranium Limited, it produced almost 9,000 tonnes of uranium oxide to supply overseas markets, alongside large reserves of rare earth oxides. An architect-designed township supported about 1,000 residents before both mine and town were dismantled after closure in 1984, marking Australia’s largest auction. The site hosted the country’s first large-scale open-cut rehabilitation program to cover radioactive waste and promote revegetation, although signs of deterioration and leaching are now evident at the former operation.	
KhanongOpenPit	Sepon Mine, Vilabouly District, Savannakhet Province	Laos	16.96556	106.00972		https://www.mindat.org/loc-25563.html   https://stapelvanstenen.nl/en/well-known-combination-of-azurite-and-malachite-from-rare-location-sepon-mine-in-laos/	yes	The Khanong Open Pit at the Sepon Mine in the Vilabouly District of Savannakhet Province, Laos, opened in 2003 and comprises three copper pits and eighteen gold pits, most of which are now depleted. Initially focused on extensive gold production, operations shifted to high-grade copper averaging 5.4 percent, with additional pits mined until 2020 before copper output was reduced and gold processing resumed. Owned and operated by MMG, a subsidiary of China Minmetals, the mine is renowned for producing rare azurite and malachite specimens, making it one of the most distinctive mineral locations in south-central Laos.	
FilónSurOpenPit	Tharsis Mines, Tharsis, Alosno, Huelva, Andalusia	Spain	37.58513	-7.11539		https://www.mindat.org/loc-158668.html   https://en.wikipedia.org/wiki/Tharsis-La_Zarza_mining_basin	yes	The Filón Sur open pit at the Tharsis Mines in Alosno, Huelva, Andalusia, Spain, forms part of the Tharsis-La Zarza mining basin within the Iberian Pyrite Belt. Exploited since antiquity, the area reached peak production in the 19th and 20th centuries under the British Tharsis Sulphur and Copper Company, which introduced modern extraction techniques and surface mining through the cortas system. The operation supported industrial facilities, railways, and mining towns, establishing a significant mining-industrial complex. Today, the site preserves extensive historical and industrial heritage, with ongoing initiatives promoting conservation and tourism to showcase its legacy within Spain’s mining history.	
ReocínMine	Reocín, Cantabria	Spain	43.34444	-4.08556		https://www.mindat.org/loc-18701.html   https://cihh.utp.ac.pa/sites/default/files/documentos/2022/pdf/volumetric_quantification_and_quality_of_water_.pdf	yes	The Reocín Mine in Cantabria, Spain, is the country’s largest stratabound carbonate-hosted zinc-lead deposit. Located on the Santillana Synclinal border in the Vasco Cantabria basin, about 30 km southeast of Santander, it was closed in 2003. Open-pit operations created a large excavation that gradually filled with water from the Saja River, rain, and minor diapir inflows, forming a controlled mining lake. Water infiltration, averaging 1,100 to 1,299 liters per second, posed significant operational and stability challenges, requiring careful drainage management based on the site’s unique geological and hydrogeological conditions.	
LavenderPit	Bisbee, Cochise County, Arizona	USA	31.43194	-109.89861		https://www.mindat.org/loc-3304.html   https://en.wikipedia.org/wiki/Lavender_Pit	yes	The Lavender Pit in Bisbee, Cochise County, Arizona, was an open-pit copper mine operated by Phelps Dodge from 1950 to 1974, producing approximately 600,000 tons of copper from 86 million tons of ore, with gold, silver, and turquoise as by-products. Named after Harrison M. Lavender, the pit replaced the earlier Sacramento Hill mine and features steep sides due to competent host rock. Covering 300 acres and reaching 274 meters deep, it generated 256 million tons of waste, some acid-leached for additional copper. The adjacent Cochise deposit, north of the pit, holds potential for future mining.	
ClimaxMine	Climax Mining District, Lake County, Colorado	USA	39.370595	-106.170766		https://www.mindat.org/loc-7745.html  https://en.wikipedia.org/wiki/Climax_mine 		The Climax Mine in Lake County, Colorado, is a major molybdenum operation covering approximately 14,350 acres. Established in 1915, it once supplied three quarters of the world’s molybdenum. After a 17-year closure, the mine reopened in 2012 as a surface open pit with a 25,000-ton-per-day mill capable of producing about 30 million pounds annually. The deposit features multiple shells of molybdenite-bearing stockwork veins within a siliceous rhyolite porphyry stock. The mill also recovers pyrite, wolframite, cassiterite, and monazite. The mine is owned by Climax Molybdenum Company, a subsidiary of Freeport-McMoRan.	
RioTintoBoraxMine	Kramer Borate deposit, Boron, Kern County, California	USA	35.04444	-117.69444		https://www.mindat.org/loc-23409.html    https://en.wikipedia.org/wiki/Rio_Tinto_Borax_Mine	yes	The Rio Tinto Borax Mine in Boron, California, is the largest open-pit borax operation in the world, producing nearly half of global borates. Discovered in 1913, mining began with shafts in the 1920s, and the current open-pit operation opened in 1957 under U.S. Borax, now part of Rio Tinto Group. Reserves are sufficient for economic production through the early 2040s. The mine is operated by Rio Tinto’s Borax division. In 2019, a pilot project was launched to recover lithium from mining waste, expanding the site’s contribution to mineral production beyond borates.	
LaParrillaMine	Almoharín, Cáceres, Extremadura	Spain	39.07556	-6.08417		https://www.mindat.org/loc-158079.html  https://www.astramining.eu/see-mine.php?lang=EN&id_mina=38  https://thecorner.eu/news-spain/spain-economy/spain-has-7-critical-materials-mines-that-will-be-supported-by-the-eu/119595/	yes	The La Parrilla Mine, also known as the Adelaida open pit, is situated in Almoharín, Cáceres, Extremadura, Spain and is the country’s largest tungsten deposit. Currently inactive, it holds substantial reserves estimated at around 30 million tonnes of ore grading 0.11 percent tungsten. The deposit consists of a quartz vein stockwork within metapelitic rocks and contains diverse sulphide minerals including galena, sphalerite, and native silver. With direct highway access and proximity to Atlantic and Mediterranean ports, the site is part of Spain’s strategic projects under the European Union Critical Raw Materials Act, which seeks to meet the Union’s demand for raw materials by 2030.	
GirilamboneCopperMine	Girilambone, Canbelego Co., New South Wales	Australia	-31.25874	146.86963		https://www.mindat.org/loc-16762.html   https://smedg.org.au/wp-content/uploads/2020/07/Ken%20McQueen%20Girilambone%20Discovery%20&%20Mining%20History.pdf	yes	The Girilambone Copper Mine, including the Murrawombie open pit and West Bogan Mine, in central New South Wales. Copper was discovered in 1875. The site was initially worked with limited success due to metallurgical challenges and inadequate processing technology. Redevelopment introduced gravity concentration and chemical leaching, but large-scale extraction began in the 1990s using innovative heap leaching, solvent extraction, and electrowinning, producing about 400 tonnes of copper annually. The site holds cultural significance for the Weilwan people, with “Girilambone” meaning “place of falling stars” .	
OuenzaMine	Ouenza, Ouenza District, Tébessa Province	Algeria	35.94118	8.09881		https://www.mindat.org/loc-24.html   https://thediggings.com/mines/usgs10084938   https://web.archive.org/web/20240531161704/       https://pubs.usgs.gov/myb/vol3/2019/myb3-2019-algeria.pdf	yes	The Ouenza Mine in Tébessa Province, Algeria, is a large open-pit operation extracting iron carbonate deposits from Aptian neritic limestones near Triassic evaporitic diapirs. Producing between 2 and 2.5 million tons of iron ore annually, it contains reserves estimated at 120 to 150 million tons. The ore comprises siderite, hematite, and goethite, which influence its iron content and quality. Together with the Boukhadra Mine, Ouenza was managed by Société des Mines de Fer de l’Est, owned mainly by Manal Group and partly by EPE SIDER El Hadjar S.p.A., highlighting its importance in Algeria’s iron production.	
TincalayuMine	Antofagasta de la Sierra Department, Catamarca Province	Agentina	-25.268122	-67.055228		https://www.mindat.org/loc-51.html   https://en.wikipedia.org/wiki/Salar_del_Hombre_Muerto	yes	The Tincalayu Mine, situated in the Tincalayu borax deposit at the northern edge of the Salar del Hombre Muerto in Catamarca Province, Argentina, is a major borate producer in South America. It operates two open pits, the largest measuring 1,500 meters wide, 500 meters long, and 100 meters deep, at an altitude of about 4,000 meters above sea level. Formerly exploited by Boroquímica and linked to processing at Campo Quijano, the mine lies within a high-altitude salt pan that also forms part of the Lithium Triangle, a globally significant source of lithium for renewable energy and electric vehicle technologies.	
SanMiguelOpenPit	Pirquitas Mine, Mina Pirquitas, Rinconada Department, Jujuy Province	Argentina	-22.684407	-66.541539		https://www.mindat.org/loc-9896.html   https://www.ssrmining.com/_resources/Pirquitas_Technical_Report_Dec_23_FINAL_v2.pdf 	yes	The Oploca Vein System, on the southern margin of the Pirquitas Mine in Jujuy Province, Argentina, trends east-west and is shifting from underground extraction at the San Miguel shaft to early-stage open-pit operations. The Pirquitas Mine applies conventional drilling, blasting, and grade control techniques to mine approximately 50,000 tonnes per day, feeding a processing plant with three crushing stages capable of 6,000 tonnes per day. Ore is upgraded through a preconcentration jig system. As of September 30, 2011, proven and probable reserves exceeded 15 million tonnes containing substantial silver, tin, and zinc, highlighting the site’s significant polymetallic resources.	
AmablePit	Veladero Mine, Frontera mining district, Tudcum, Iglesia Department, San Juan Province	Argentina	-29.36938	-69.958556	-29.369380, -69.958556	https://www.mindat.org/loc-225777.html   https://www.barrick.com/English/operations/veladero/default.aspx   https://miningdataonline.com/property/255/Veladero-Mine.aspx	yes	The Amable Pit is part of the Veladero Mine in the Frontera District of San Juan Province, Argentina, situated at elevations between 4,000 and 4,850 meters above sea level and approximately 374 kilometres northwest of San Juan city. Operated as a 50/50 joint venture with Shandong Gold, Veladero is a large open-pit truck and shovel operation producing gold and silver through heap leaching since 2005 and was the first in the country to meet the Towards Sustainable Mining Standard. Current plans focus on extending operations beyond 2034, supported by intensified exploration of high-sulfidation targets within the district.	
CadiaHillMine	Cadia Valley operations (Cadia-Ridgeway Cu-Au deposit), Cadia, Bathurst Co., New South Wales	Australia	-33.45624	148.99416	-33.45624,148.99416	https://www.mindat.org/loc-203398.html   https://en.wikipedia.org/wiki/Cadia-Ridgeway_mine	yes	Cadia Hill Mine, part of the Cadia Valley operations near Orange in New South Wales, Australia, comprises extensive open-cut and underground gold and copper mines operated by Newmont. Developed since the 1990s, it is the country’s second largest open-cut mine after the Super Pit at Kalgoorlie and a major regional employer with a projected life of several decades. Adjacent Ridgeway and Cadia East underground mines add substantial resources. The operation is a pioneer in block cave mining and uses advanced automation, including remotely orchestrated loaders and auxiliary equipment, to enhance productivity and efficiency.	
BengallaOpenCutMine	Brisbane Co., New South Wales	Australia	-32.272001	150.827504	-32.272001, 150.827504	https://www.mindat.org/loc-408231.html   https://miningdataonline.com/property/283/Bengalla-Mine.aspx	yes	Bengalla Open Cut Mine near Muswellbrook in New South Wales is a large black coal operation with approval to extract up to 15 million tonnes of run-of-mine coal annually until 2039. Employing over 600 people and operating continuously, it is recognised as a cost-competitive producer within the lowest quartile of global seaborne thermal coal costs. The mining fleet supports a 13.4 million tonne growth project, with the coal handling and preparation plant ramping up after a tailings capacity upgrade. Current efforts focus on extending the mine’s life beyond 2037 and completing new infrastructure.	
MangoolaOpenCutMine	Brisbane Co., New South Wales	Australia	-32.296175	150.688218	-32.296175, 150.688218	https://www.mindat.org/loc-408233.html   https://en.wikipedia.org/wiki/Mangoola_coal_mine	yes	Mangoola Open Cut Mine in New South Wales is a black coal operation originally developed by Centennial Coal to supply fuel for electricity generation. Approved in 2006 amid environmental debate, it became a landmark case when the Land and Environment Court ruled the government had inadequately assessed greenhouse gas emissions. Centennial later sold the project to Xstrata, which was subsequently acquired by Glencore. Production began in 2011, and in 2021 the mine secured approval to continue operating until 2030, reflecting its ongoing role in regional energy supply and the evolving regulatory landscape for coal mining in Australia.	
MountPleasantOpenCutMine	Brisbane Co., New South Wales	Australia	-32.25353	150.848326	-32.253530, 150.848326	https://www.mindat.org/loc-408232.html   https://australiainstitute.org.au/coal-mine-tracker/update/big-win-mount-pleasant-coal-mine-expansion-approval-overturned-by-nsw-court/    https://nationalwireless.au/case-study-thiess-mining-mt-pleasant/	yes	Mount Pleasant Open Cut Mine near Muswellbrook in New South Wales is a greenfield black coal operation extending over six square kilometres and reaching about 220 metres in depth. Managed by Thiess Mining, it holds an estimated 474 million tonnes of reserves producing high-quality, low-impurity coal for international markets. The operation uses controlled blasting to fragment rock before excavation and rail transport. Recently, the New South Wales Court of Appeal overturned approval for an expansion of this project, finding that the Independent Planning Commission had not adequately assessed the climate impacts of emissions from the combustion of exported coal.	
GirilamboneCopperMine	Girilambone, Canbelego Co., New South Wales	Australia	-31.258742	146.869632	-31.258742, 146.869632	https://www.mindat.org/loc-16762.html   https://www.psm.com.au/projects/feasibility-study-murrawombie-open-pit-mine-nsw-australia		The Murrawombie Open Pit, historically known as the Girilambone Copper Mine in central western New South Wales, lies two kilometres west of Girilambone and was first discovered in 1875. Modern mining began in 1992 under the Girilambone Copper Company, a joint venture later wholly owned by Straits Resources, and produced copper oxide ore through heap leaching, solvent extraction, and electrowinning until 2002. The pit reached about 150 metres in depth within highly foliated meta-sediments hosting a massive sulphide deposit. Residual leaching continues today, recovering around 400 tonnes of copper annually from the remaining heap leach solution as copper cement.	
GibsonsOpenCutMine	Clarke Co., New South Wales	Australia	-30.748674	152.035169	-30.748674, 152.035169	https://www.mindat.org/loc-269814.html   https://miningdataonline.com/property/2017/Mt-Gibson-Project.aspx	yes	Gibsons Open Cut, is a gold mine located approximately 1.25 kilometres south of Halls Peak in Clarke County, New South Wales. Historically, the mine operated through a combination of shafts, adits, and open-cut methods. A November 2024 pre-feasibility study confirmed the Mt Gibson Gold Project as a large-scale operation, projecting annual gold production exceeding 150,000 ounces during the first fifteen years, highlighting its significant potential as a long-term contributor to regional gold output.	
GlendellOpenCutMine	Durham Co., New South Wales	Australia	-32.441267	151.07332	-32.441267, 151.073320	https://www.mindat.org/loc-408228.html   https://www.glencore.com.au/operations-and-projects/coal/current-operations/mt-owen-glendell-open-cut   https://miningdataonline.com/property/684/Glendell-Mine.aspx	yes	Glendell Open Cut Mine in Durham County, New South Wales, was part of the Mt. Owen/Glendell Operation, producing thermal and semi-soft metallurgical coal from seams 0.3 to 3.5 metres thick. Operations ceased in November 2022, while Glencore has submitted a modification application to extend mining north of the Glendell Pit, targeting the Hebden Seam. The proposed Glendell Pit Extension aims to continue coal production, maintaining the site’s role in supplying both thermal and metallurgical coal to domestic and international markets.	
LiddellOpenCutMine	Durham Co., New South Wales	Australia	-32.396547	151.03264	-32.396547, 151.032640	https://www.mindat.org/loc-408229.html   https://www.glencore.com.au/operations-and-projects/coal/current-operations/liddell-coal-operations	yes	Liddell Open Cut Mine, located 25 kilometres northwest of Singleton in the Upper Hunter Valley, New South Wales, was a century-old operation producing thermal and metallurgical coal for export. Mining concluded in 2023, initiating the Liddell Coal Closure Project focused on site rehabilitation. A  May 2023 modification to development consent permits ongoing use of the mine’s final voids until 2050 for tailings and water storage. This transition reflects a shift from active extraction to environmental management, ensuring safe closure and continued utility of the site’s remaining infrastructure.	
MountArthurNorthMine	Mount Arthur Coal Mine Complex, Muswellbrook, Durham Co., New South Wales	Australia	-32.335134	150.847773	-32.335134, 150.847773	https://www.mindat.org/loc-407402.html   https://en.wikipedia.org/wiki/Mount_Arthur_coal_mine	yes	Mt Arthur North Mine, part of the Mount Arthur Coal Complex near Muswellbrook, New South Wales, is an open-cut operation opened by the Broken Hill Proprietary Company in 2002 and the state’s largest coal mine. It has a capacity of 20 million tonnes per year, mining 21 distinct seams and employing 2,000 staff. Coal is transported via Aurizon to the Port of Newcastle for export. Following a 2020 shift to export-only production, BHP considered selling the mine but retained it in 2022, planning closure by 2030. Post-mining, the site may be repurposed for a pumped-storage hydroelectricity project.	
MuswellbrookOpenCutMine	Muswellbrook, Durham Co., New South Wales	Australia	-32.245938	150.937186	-32.245938, 150.937186	https://www.mindat.org/loc-408230.html   https://miningdataonline.com/property/428/Muswellbrook-Mine.aspx 	yes	Muswellbrook Open Cut Mine in Durham County, New South Wales, concluded over a century of coal production in 2022, with final coal transport completed in March 2023. Established by the Muswellbrook Coal Company, the site began underground mining in 1907 and open-cut operations in 1944. Rehabilitation is now underway under Idemitsu Australia, which is implementing productive post-mining land uses, including a pumped-storage hydropower project with AGL and a large-scale solar farm with ESCO Pacific, demonstrating a transition from active mining to sustainable energy-focused land management	
RavensworthOpenCutMine	Durham Co., New South Wales	Australia			-32.443459, 151.014824	https://www.mindat.org/loc-408227.html   https://www.glencore.com.au/operations-and-projects/coal/current-operations/ravensworth-operations   https://www.glencore.com.au/dam/jcr:7f095026-25fd-43aa-b4bb-5979246e8d8a/Ravensworth%20FactSheet%202025%20V5.pdf	yes	Ravensworth Open Cut Mine, fully owned by Glencore, is located in the Hunter Valley between Muswellbrook and Singleton, New South Wales. The operation produces thermal and metallurgical coal for export using a fleet of hydraulic shovels, excavators, and rear dump trucks, extracting approximately 13.3 million tonnes of run-of-mine coal and 63 million cubic metres of waste annually. In 2024, Ravensworth employed 760 people and rehabilitated 55 hectares. Ravensworth Underground ceased operations in 2014, entering care and maintenance, and was officially sealed in 2023 with surface infrastructure decommissioned, marking a complete transition to open-cut mining.	
SprucePineQuarry	Bakersville, Mitchell County, North Carolina	USA	35.942922	-82.08268	35.942922, -82.08268	https://www.mindat.org/loc-107219.html    https://www.sibelco.com/en/locations/spruce-pine   https://en.wikipedia.org/wiki/Spruce_Pine_Mining_District   https://edconway.substack.com/p/whats-happening-at-spruce-pine   https://www.nytimes.com/2025/05/31/us/north-carolina-spruce-pine-quartz-minerals.html	yes	Spruce Pine Quarry, located in Bakersville within North Carolina’s Spruce Pine Mining District, lies in the North Toe River valley of the Blue Ridge Mountains. The district produces mica, kaolin, feldspar, and the world’s largest concentration of high-purity quartz, supplying 70–90 percent of global demand for semiconductor and solar photovoltaic manufacturing. Ground mica is recovered during mineral extraction, while sheet mica remains unmined. As the hub of major mining activity, Spruce Pine is considered a critical point in the global supply chain, with analysts warning that disruption could halt integrated circuit production worldwide within six months.	
RixCreekOpenCutMine	Durham Co., New South Wales	Australia			-32.52135,151.12558	https://www.mindat.org/loc-408225.html   https://www.gem.wiki/Rix_Creek_Coal_Mine   https://www.epa.nsw.gov.au/news/epamedia/250918-rix-s-creek-coal-mine-fined-for-water-pollution-incident   https://ieefa.org/resources/ieefa-australia-rixs-creek-coal-mine-extension-approved-despite-wrongful-representation	yes	Rix’s Creek Open Cut Mine in Durham County, New South Wales, is part of the Integra Coal operation, 61.2 percent owned by Vale Australia with partners Posco and Toyota. Originally slated to close in 2020, the mine received approval in 2019 to operate until 2040 following multiple extensions. The New South Wales Environment Protection Authority has fined the mine for saline groundwater discharges from historical underground workings, which can disrupt aquatic ecosystems. Management measures, including borehole capping and pump reinstatement, have been implemented. In June 2025, a discharge occurred from an uncapped borehole drilled to assess old workings and improve seepage control.	
DuralieCoalMine	Gloucester Co., New South Wales	Australia			-32.27888,151.93624	https://www.mindat.org/loc-408253.html   https://www.yancoal.com.au/our-sites/duralie/    https://en.wikipedia.org/wiki/Duralie_coal_mine	yes	Duralie Coal Mine, also known as Stratford Duralie, is an open-cut operation in Gloucester County, New South Wales, with coal reserves of 322.3 million tonnes of coking coal, ranking among the largest in Asia and globally. The mine has an annual production capacity of five million tonnes. Coal extraction is scheduled to conclude in 2024, after which closure activities will include decommissioning infrastructure and rehabilitating the site to an approved final landform. Environmental monitoring and maintenance of rehabilitated areas are expected to continue for 10 to 15 years, with the New South Wales Government required to assess and approve closure works before mining leases can be relinquished	
AvonNorthOpenPit	Stratford open cut mine, Gloucester Co., New South Wales	Australia			-32.11850,151.97886	https://www.mindat.org/loc-408248.html   https://miningdataonline.com/property/866/Stratford-Duralie-Gloucester-Operation.aspx	yes	Avon North Open Pit, part of the Stratford Mining Complex in the Gloucester Basin, New South Wales, is associated with the Stratford, Duralie, and Grant & Chainey deposits. While Stratford Mine ceased coal production in late 2021, Avon North may still have limited related activity. Stratford transitioned to closure in 2024, with bulk earthworks, reshaping, and topsoiling underway, and demolition of the coal handling and preparation plant commencing in May 2025 to safely remove hazardous materials, dismantle equipment, and dispose of foundations. Coal extraction at Duralie ended in December 2021, followed by rehandling, decommissioning, site rehabilitation, and ongoing environmental monitoring.	
WamboOpenCutMine	Wambo Open Cut Mine, Hunter County, New South Wales	Australia			-32.54914,150.95259	https://www.mindat.org/loc-408235.html   https://www.glencore.com.au/operations-and-projects/coal/current-operations/united-wambo-open-cut  https://www.sustainable-carbon.org/australia-united-wambo-open-cut-coal-mine/    https://australiainstitute.org.au/wp-content/uploads/2020/12/P677-2019-Wambo-IPC-submission-WEB.pdf	yes	The United Wambo Open Cut Mine in the Hunter Valley, New South Wales, began production in 2020 as a 50:50 joint venture between United Collieries (Glencore and MEU) and Wambo Coal (Peabody). It integrates the former Wambo and United open-cut operations to produce thermal and semi-soft metallurgical coal for export. The mine has estimated reserves of 176 million tonnes, an annual production capacity of 10 million tonnes, an expected life of 23 years, and represents an investment of about $380 million. This development proceeds despite official forecasts of Australian thermal coal exports consistently overestimating demand and lacking scenarios that reflect urgent global commitments to reduce coal use.	
CollierOpenCutMine	Collier Open Cut, Kennedy Co., New South Wales	Australia			-32.57592,146.98714	https://www.mindat.org/loc-297310.html	yes	Collier Open Cut, located near Condobolin in the Mineral Hill field of central New South Wales, Australia, was a major copper mining operation active during the early to mid-twentieth century. Initially developed as an open pit, it later transitioned to underground mining, reflecting evolving practices within the industry. The site formed part of a historically important district renowned for its rich and varied mineral deposits. Collier contributed significantly to the region’s mining output and development, with renewed activity and further development occurring in the 1940s and 1950s.	
Endeavour22	Endeavour 22, Northparkes Mine Project, Goonumbla, Kennedy Co., New South Wales	Australia			-32.911667, 148.036667	https://www.mindat.org/loc-130641.html   https://kincoracopper.com/northparkes-project/   https://www.mining-technology.com/projects/goonumbla/?cf-view		Northparkes Mine near Goonumbla in central-west New South Wales is Australia’s second largest porphyry copper deposit after Cadia, with an endowment of about 5.5 million ounces of gold and 4.5 million tons of copper. Operated as a joint venture between Rio Tinto and Sumitomo Group, it produces high-grade copper-gold concentrate for international smelters. Exploration began in the early 1970s, leading to the discovery of multiple ore bodies, including Endeavour22. Northparkes pioneered block-cave underground mining in Australia in 1997 and currently operates two open pits and one underground mine within a belt of Ordovician volcanic rocks.	
ElliotsNo1OpenCut	Elliots No 1 Open cut, Captain's Flat, Lake George, Murray Co., New South Wales	Australia			-35.589458, 149.443665	https://www.mindat.org/loc-270272.html   https://portergeo.com.au/database/mineinfo.php?mineid=mn857   https://ghosttownsaustralia.weebly.com/lake-george-mine---captains-flat.html	yes	Elliots No. 1 Open Cut at Captain’s Flat in the Lachlan Fold Belt of south-eastern New South Wales formed part of a major volcanic-hosted massive sulphide zinc-lead-copper deposit 50 kilometres south-east of Canberra. The ore comprised pyrite, sphalerite, galena, chalcopyrite, tennantite, arsenopyrite, gold and rare pyrrhotite with gangue of quartz, chert, carbonates, chlorite and sericite. Mining began after copper was discovered in 1874 and evolved through several companies and smelting operations. From 1882 to 1962 about 4 million tonnes of ore were extracted, yielding high grades of zinc, lead, copper, silver and gold. Prolonged miner strikes in 1948-49 and 1954-55 disrupted production before the mine finally closed in 1962.	
BloomfieldOpenCutMine	Bloomfield Open Cut Mine, Northumberland County, New South Wales	Australia			-32.810612, 151.560937	https://www.mindat.org/loc-408238.html			
BulgaOpenCutMine	Bulga Open Cut Mine, Northumberland County, New South Wales	Australia			-32.683483, 151.082697	https://www.mindat.org/loc-408223.html			
MountThorleyWarkworthOpenCutMine	Mount Thorley Warkworth open cut mine, Northumberland County, New South Wales	Australia			-32.639449, 151.065701	https://www.mindat.org/loc-408224.html			
MoolarbenOpenCut2	Moolarben Open Cut No.2, Moolarben Coal Complex, Phillip Co., New South Wales	Australia			-32.329709, 149.776191	https://www.mindat.org/loc-408265.html			
MoolarbenOpenCut4	Moolarben Open Cut No.4, Moolarben Coal Complex, Phillip Co., New South Wales	Australia			-32.301765, 149.787397	https://www.mindat.org/loc-408267.html			
WilpinjongCoalMine	Wilpinjong Coal Mine, Phillip Co., New South Wales	Australia			-32.343132, 149.876410	https://www.mindat.org/loc-408262.html			
Block14Opencut	Block 14 opencut, Broken Hill, Broken Hill district, Yancowinna Co., New South Wales	Australia			-31.959077, 141.475061	https://www.mindat.org/loc-73.html			
KintoreOpencut	Kintore opencut, Broken Hill South Mine, Broken Hill, Broken Hill district, Yancowinna Co., New South Wales	Australia			-31.970736, 141.460375	https://www.mindat.org/loc-74.html			
BlackwoodOpencut	Blackwood opencut, MMM Mine, Broken Hill South Mine, Broken Hill, Broken Hill district, Yancowinna Co., New South Wales	Australia			-31.958975, 141.476044	https://www.mindat.org/loc-134789.html			
HandlebarHillOpenCut	Handlebar Hill Open Cut, Hilton district, City of Mount Isa, Queensland	Australia			-20.572222, 139.473056	https://www.mindat.org/loc-194639.html			
BlackRockLode	Black Rock lode (Black Rock Open cut), Mount Isa Mines, Mount Isa, City of Mount Isa, Queensland	Australia			-20.717158, 139.476242	https://www.mindat.org/loc-204769.html			
MaryKathleenMine	Mary Kathleen Mine, Mary Kathleen district, Rosebud Station, Cloncurry Shire, Queensland	Australia			-20.747140, 140.012050	https://www.mindat.org/loc-12502.html			
CharlotteOpenCut	Charlotte open cut, Kapunda Copper Mine, Kapunda, Light Regional Council, South Australia	Australia			-34.347491, 138.917536	https://www.mindat.org/loc-405204.html			
IronMonarchMainPit	Iron Monarch Main Pit, Iron Knob, Pastoral Unincorporated Area, South Australia	Australia			-32.744721, 137.139450	https://www.mindat.org/loc-158.html			
MaluOpenPit	Malu open pit, Prominent Hill mine, Mount Eba, Pastoral Unincorporated Area, South Australia	Australia			-29.718692, 135.577518	https://www.mindat.org/loc-233019.html			
RileyCreekMine	Riley Creek Mine, Tullah, Tasmania	Australia			-41.741090, 145.416054	https://www.mindat.org/loc-426642.html			
CentralNorthOpenPit	Central North Open Pit, Fosterville Gold Mine, Fosterville, City of Greater Bendigo, Victoria	Australia			-36.705632, 144.500470	https://www.mindat.org/loc-290689.html			
FostervilleOpenPit	Fosterville Open Pit, Fosterville Gold Mine, Fosterville, City of Greater Bendigo, Victoria	Australia			-36.687750, 144.499199	https://www.mindat.org/loc-290688.html			
MorwellOpencut 	Morwell Opencut (Lignite mine), Morwell, City of Latrobe, Victoria	Australia			-38.257696, 146.377881	https://www.mindat.org/loc-249755.html			
BrumagenOpenCut	Brumagen open cut, Stawell, Northern Grampians Shire, Victoria	Australia			-37.070797, 142.806369	https://www.mindat.org/loc-290774.html			
Pit7Brockman2Mine	Pit 7, Brockman 2 Mine, Mount Brockman, Ashburton Shire, Western Australia	Australia			-22.441322, 117.368601	https://www.mindat.org/loc-410006.html			
LensDNammuldiMine	Lens D, Nammuldi Mine (Nammuldi Group), Mount Brockman, Ashburton Shire, Western Australia	Australia			-22.410400, 117.354900	https://www.mindat.org/loc-410015.html			
IronKingMine	Iron King Mine, Norseman, Dundas Shire, Western Australia	Australia			-32.243011, 121.802299	https://www.mindat.org/loc-267016.html			
MountWebberMine	Mount Webber Mine, East Pilbara Shire, Western Australia	Australia			-21.536900, 119.288800	https://www.mindat.org/loc-272926.html			
SallyMalayMine	Sally Malay Mine, Mabel Downs Station, Halls Creek Shire, Western Australia	Australia			-17.349045, 128.021618	https://www.mindat.org/loc-122909.html			
TimKingOpenPit	Tim King open pit, Spotted Quoll deposit, Kondinin Shire, Western Australia	Australia			-32.431714, 119.687194	https://www.mindat.org/loc-263716.html			
Challenger-MtMcClureOpenPit	Challenger-Mt McClure open pit, Bronzewing Goldfield (Mount McClure), Leonora Shire, Western Australia	Australia			-27.564155, 120.966753	https://www.mindat.org/loc-268777.html			
CamsOpenCut	Cams Open Cut, Leinster, Leonora Shire, Western Australia	Australia			-27.731020, 120.543038	https://www.mindat.org/loc-18840.html			
MagellanOpenPit	Magellan open pit, Paroo Station Project, Wiluna, Wiluna Shire, Western Australia	Australia			-26.519800, 119.942770	https://www.mindat.org/loc-216391.html			
ArgyleDiamondMine	Argyle Diamond Mine, Wyndham-East Kimberley Shire, Western Australia	Australia			-16.716389, 128.388889	https://www.mindat.org/loc-4301.html			
KaintaleckMine	Kaintaleck Mine, Oberdorf magnesite deposit, Oberdorf, Tragöß-Sankt Katharein, Bruck-Mürzzuschlag District, Styria	Austria			47.445996, 15.094639	https://www.mindat.org/loc-186786.html			
SerraAzulMine	Serra Azul mine, Serra Azul, Itatiaiuçu, Minas Gerais	Brazil			-20.133750, -44.399222	https://www.mindat.org/loc-305554.html			
BuhovoUraniumMine	Buhovo Uranium Mine, Buhovo, Stolichna Municipality, Sofia City Province	Bulgaria			42.756908, 23.580089	https://www.mindat.org/loc-341766.html			
KremikovtsiMine	Kremikovtsi mine, Kremikovtsi, Stolichna Municipality, Sofia City Province	Bulgaria			42.784441, 23.487997	https://www.mindat.org/loc-25071.html			
GibraltarMine	Gibraltar Mine, Williams Lake, Cariboo Mining Division, British Columbia	Canada			52.518056, -122.287500	https://www.mindat.org/loc-206435.html			
ChiselOpenPit	Chisel Open Pit, Snow Lake District, Manitoba	Canada			54.833572, -100.120125	https://www.mindat.org/loc-195438.html			
ThompsonMine	Thompson Mine, Moab-Setting Lakes area, Thompson Nickel Belt, Manitoba	Canada			55.719763, -97.835312	https://www.mindat.org/loc-506.html			
CanadianMalarticMine	Canadian Malartic Mine, Malartic, La Vallée-de-l'Or RCM, Abitibi-Témiscamingue, Québec	Canada			48.113333, -78.131667	https://www.mindat.org/loc-256976.html			
JeffreyMine	Jeffrey Mine, Val-des-Sources, Les Sources RCM, Estrie, Québec	Canada			45.769722, -71.950000	https://www.mindat.org/loc-581.html			
DumboPit	Dumbo pit, Guanaco Mine, Taltal, Antofagasta Province, Antofagasta	Chile			-25.107383, -69.539262	https://www.mindat.org/loc-264090.html			
WendyPit	Wendy pit, Tambo Mine, Vicuña, Elqui Province, Coquimbo	Chile			-29.812149, -69.949484	https://www.mindat.org/loc-5763.html			
DalmaciaPit	Dalmacia pit, Mantos de Punitaqui District, Punitaqui, Ovalle, Limarí Province, Coquimbo	Chile			-30.903301, -71.271550	https://www.mindat.org/loc-434318.html			
JinchangSolarFarm	G528+2MV Binhe Road Residential District, Jinchuan District, Jinchang, Gansu	China			38.598928, 102.135204				solar panels in the desert !
ShiluMine	Shilu Mine, Yangchun Co., Yangjiang, Guangdong	China			22.172026, 111.645297	https://www.mindat.org/loc-7901.html			
KafangMine	Kafang Mine, Kafang ore field, Gejiu Sn-polymetallic ore field, Gejiu City, Honghe, Yunnan	China			23.259722, 103.153611	https://www.mindat.org/loc-441289.html			
JiriOpenPitMine	Jiří Open Pit Mine, Královské Poříčí, Sokolov District, Karlovy Vary Region	Czech Republic			50.212631, 12.693294	https://www.mindat.org/loc-251296.html			
JezerniceClayPit	Jezernice clay pit, Jezernice, Přerov District, Olomouc Region	Czech Republic			49.542588, 17.613444	https://www.mindat.org/loc-438097.html			
HorniBrizaKaolinPit	Horní Bříza kaolin pit, Plzeň-North District, Plzeň Region	Czech Republic			49.858100, 13.364761	https://www.mindat.org/loc-427187.html			
LibousQuarry	Libous quarry, Březno, Chomutov District, Ústí nad Labem Region	Czech Republic			50.423073, 13.378661	https://www.mindat.org/loc-126788.html			
SandPitUdlice	Sand pit, Údlice, Chomutov District, Ústí nad Labem Region	Czech Republic			50.444278, 13.448167	https://www.mindat.org/loc-427341.html			nice hisorical documentation !
ShanguloweMine	Shangulowé Mine, Kambove, Kambove Territory, Haut-Katanga	DR Congo			-10.807500, 26.571111	https://www.mindat.org/loc-4522.html			
MindingiMine	Mindingi Mine, Kambove Territory, Haut-Katanga	DR Congo			-11.099444, 26.177222	https://www.mindat.org/loc-4336.html			
KiswishiMine	Kiswishi, Kawama, Kipushi Territory, Haut-Katanga	DR Congo			-11.505000, 27.421111	https://www.mindat.org/loc-234798.html			
LuiswishiMine	Luiswishi Mine, Kawama, Kipushi Territory, Haut-Katanga	DR Congo			-11.515278, 27.439167	https://www.mindat.org/loc-4332.html			
KisanfuMine	Kisanfu mine, Kisamfu, Lubudi, Lualaba	DR Congo			-10.775976, 25.974755	https://www.mindat.org/loc-425813.html			
DeziwaMine	Deziwa mine, Mutshatsha, Lualaba	DR Congo			-10.786853, 25.768774	https://www.mindat.org/loc-425812.html			
KamotoPrincipalOpenCut	Kamoto Principal Open cut, Kamoto, Mutshatsha, Lualaba	DR Congo			-10.717500, 25.403056	https://www.mindat.org/loc-41276.html			
KOVOpenCut	KOV Open cut, Kamoto, Mutshatsha, Lualaba	DR Congo			-10.713333, 25.418611	https://www.mindat.org/loc-41278.html			
KansokoMine	Kansoko mine, Mutshatsha, Lualaba	DR Congo			-10.807983, 25.239866	https://www.mindat.org/loc-425814.html			
KolweziMine	Kolwezi Mine, Kolwezi, Mutshatsha, Lualaba	DR Congo			-10.727574, 25.456020	https://www.mindat.org/loc-4329.html			
MusonoiMine	Musonoi Mine, Kolwezi, Mutshatsha, Lualaba	DR Congo			-10.713490, 25.445447	https://www.mindat.org/loc-4322.html			
MashambaEastMine	Mashamba East Mine, Mutshatsha, Lualaba	DR Congo			-10.742500, 25.394722	https://www.mindat.org/loc-211654.html			
MutandaMine	Mutanda Mine, Mutshatsha, Lualaba	DR Congo			-10.787455, 25.809610	https://www.mindat.org/loc-294223.html			
MashambaWestMine	Mashamba West Mine, Sicomines copper-cobalt project, Mutshatsha, Lualaba	DR Congo			-10.740833, 25.375556	https://www.mindat.org/loc-4334.html			
KansalawileMine	Kansalawile Mine, Tenke-Fungurume area, Lualaba	DR Congo			-10.615815, 26.210031	https://www.mindat.org/loc-252210.html			
MambilimaMine	Mambilima Mine, Tenke-Fungurume area, Lualaba	DR Congo			-10.621467, 26.235266	https://www.mindat.org/loc-252209.html			
LimbergQuarry	Limberg quarry, Pargas limestone mine, Pargas, Southwest Finland	Finland			60.297704, 22.292734	https://www.mindat.org/loc-1660.html			
SkrabboleQuarry	Skräbböle Quarry, Pargas limestone mine, Pargas, Southwest Finland	Finland			60.293108, 22.280273	https://www.mindat.org/loc-158076.html			
TiebaghiMine	Tiébaghi Mine, Tiébaghi Massif, Koumac, Northern Province, New Caledonia	France			-20.463043, 164.207156	https://www.mindat.org/loc-2437.html			
SalsigneMine	Salsigne mine, Salsigne, Carcassonne, Aude, Occitanie	France			43.336667, 2.354167	https://www.mindat.org/loc-5814.html			
DécouverteDeLassalle	Découverte de Lassalle, Decazeville coal basin, Decazeville, Villefranche-de-Rouergue, Aveyron, Occitanie	France			44.549702, 2.261939	https://www.mindat.org/loc-14098.html			Example abondoned, flooded mine; historical documents! also has solar farm near by. Uranium mine? some areas blurred...
MasLavayre	Mas Lavayre, Le Bosc, Lodève, Hérault, Occitanie	France			43.701340, 3.346228	https://www.mindat.org/loc-12947.html			
KaolinPitKohlberg	Kaolin pit, Kohlberg, Neustadt an der Waldnaab District, Upper Palatinate, Bavaria	Germany			49.608152, 12.026339	https://www.mindat.org/loc-437145.html			
PeatWorksSchwegermoor	Peat works, Schwegermoor, Bohmte, Osnabrück District, Lower Saxony	Germany			52.471959, 8.242965	https://www.mindat.org/loc-431866.html			
PützlohnCoalMine	Pützlohn coal mine, Eschweiler, Aachen, Cologne, North Rhine-Westphalia	Germany			50.855918, 6.311900	https://www.mindat.org/loc-439726.html			old coal mine
MaubacherBleiberg	Maubacher Bleiberg, Hürtgenwald, Düren, Cologne, North Rhine-Westphalia	Germany			50.745556, 6.441111	https://www.mindat.org/loc-17591.html			
LeopoldLigniteMine	Leopold lignite mine, Bitterfeld-Wolfen, Anhalt-Bitterfeld, Saxony-Anhalt	Germany			51.608636, 12.318363	https://www.mindat.org/loc-420270.html			solar panel farm on old mining site
BoesauLigniteMine	Bösau lignite mine, Hohenmölsen, Burgenlandkreis, Saxony-Anhalt	Germany			51.168903, 12.169676	https://www.mindat.org/loc-430352.html			abandonded?
TagebauReichwalde	Tagebau Reichwalde, Reichwalde, Görlitz District, Saxony	Germany			51.408736, 14.675074	https://www.mindat.org/loc-416381.html			Coal. Tagebau. (aktiv). Förderung 2012: 9,1 Mio. t Rohbraunkohle.
FrischGlueckMine	Frisch Glück Mine, Brandis brickworks, Brandis, Leipzig District, Saxony	Germany			51.330679, 12.621800	https://www.mindat.org/loc-417546.html			
SandPitBlankenhain	Sand pit, Blankenhain, Weimarer Land, Thuringia	Germany			50.860225, 11.319834	https://www.mindat.org/loc-437423.html			
DongriBuzurgMine	Dongri Buzurg Mine, Bhandara District, Nagpur Division, Maharashtra	India			21.548659, 79.682894	https://www.mindat.org/loc-204187.html			
KhanongOpenPit	Khanong open pit, Sepon Mine, Vilabouly District, Savannakhet Province	Laos			16.965556, 106.009722	https://www.mindat.org/loc-25563.html			
PantaiRemisOpencast	Pantai Remis opencast mine, Manjung District, Perak	Malaysia			4.398743, 100.593231	https://www.mindat.org/loc-418370.html			
FekolaMine	Fekola Mine, Kéniéba Commune, Kéniéba Cercle, Kayes Region	Mali			12.536853, -11.373472	https://www.mindat.org/loc-301626.html			
BabotoSouthOpenPit	Baboto South Open Pit, Loulo Mining area, Kéniéba Cercle, Kayes Region	Mali			13.142165, -11.351903	https://www.mindat.org/loc-442053.html			
GaraOpenPit	Gara open pit, Loulo Mining area, Kéniéba Cercle, Kayes Region	Mali			13.086557, -11.415956	https://www.mindat.org/loc-252040.html			prominent
GounkotoOpenPit	Gounkoto Open Pit, Loulo Mining area, Kéniéba Cercle, Kayes Region	Mali			12.877169, -11.389470	https://www.mindat.org/loc-442050.html			
P125OpenPit	P125 Open Pit, Loulo Mining area, Kéniéba Cercle, Kayes Region	Mali			13.037991, -11.392216	https://www.mindat.org/loc-442046.html			
YaleaOpenPit	Yalea Open Pit, Loulo Mining area, Kéniéba Cercle, Kayes Region	Mali			13.028909, -11.391589	https://www.mindat.org/loc-252039.html			
ElVolcanMine	El Volcán Mine, Rosario Municipality, Sonora	Mexico			27.736622, -109.305628	https://www.mindat.org/loc-305553.html			
CozaminMine	Cozamin Mine, Zacatecas, Zacatecas Municipality, Zacatecas	Mexico			22.800000, -102.583056	https://www.mindat.org/loc-427621.html			
RoessingUraniumMine	Rössing uranium mine, Arandis Constituency, Erongo Region	Namibia			-22.478056, 15.060000	https://www.mindat.org/loc-3085.html			
UisMine	Uis Mine, Uis Pegmatites, Uis, Dâures Constituency, Erongo Region	Namibia			-21.223100, 14.877830	https://www.mindat.org/loc-25561.html			
GreenHillOpenMine	Green hill open mine, Tsumeb Mine (Ongopolo Mine), Tsumeb, Oshikoto Region	Namibia			-19.239765, 17.715883	https://www.mindat.org/loc-455315.html			
OkorusuMine	Okorusu Mine, Otjiwarongo Constituency, Otjozondjupa Region	Namibia			-20.055322, 16.743266	https://www.mindat.org/loc-5842.html			
WaikatoNorthHeadMine	Waikato North Head Mine, Otaua, Waikato District, Waikato Region	New Zealand			-37.349424, 174.736046	https://www.mindat.org/loc-26451.html			
ChailhuagonMine	Chailhuagon Mine, Minas Conga, Encañada District, Cajamarca Province, Cajamarca	Peru			-6.939939, -78.361931	https://www.mindat.org/loc-191974.html			
AntamokMine	Antamok Mine, Itogon, Benguet Province, Cordillera Administrative Region, Luzon	Philippines			16.401276, 120.658802	https://www.mindat.org/loc-2568.html			
RosiaPoieniMine	Roșia Poieni Mine, Mușca, Lupșa, Alba County	Romania			46.314033, 23.169895	https://www.mindat.org/loc-68257.html			
YubileynoeMine	Yubileynoe mine, Bashkortostan	Russia			52.169466, 58.127537	https://www.mindat.org/loc-298906.html			
KorshunovskoyeIronDeposit	Korshunovskoye iron deposit, Zheleznogorsk-Ilimsky, Nizhneilimsky District, Irkutsk Oblast	Russia			56.547678, 104.126949	https://www.mindat.org/loc-7243.html			
KoashvaOpenPit	Koashva Open Pit, Koashva Mt, Khibiny Massif, Murmansk Oblast	Russia			67.616667, 34.000000	https://www.mindat.org/loc-2672.html			
KirovogorskOpenPit	Kirovogorsk open pit, Olenegorsk, Murmansk Oblast	Russia			68.109089, 32.988798	https://www.mindat.org/loc-416358.html			
YubileynyOpenPit	Yubileyny open-pit mine (Yubileinaya pipe; Jubileinaya; Jubilee), Alakit-Markha, Mirninsky District, Sakha	Russia			66.000000, 111.230000	https://www.mindat.org/loc-43545.html			
NyurbinskyOpenPit	Nyurbinsky open-pit mine, Sredne-Markhinsky region, Nakyn kimberlite field (Nakynsky kimberlite field), Sakha	Russia			65.025595, 117.082216	https://www.mindat.org/loc-43573.html			
ZapolyarnyOpenPit	Zapolyarny open-pit mine (Zapolyarnaya pipe), Upper Muna kimberlite field (Verkhne-Munskoe; Verkhnemunsky), Sakha	Russia			67.254419, 115.058157	https://www.mindat.org/loc-232001.html			
PalaboraMine	Palabora Mine, Phalaborwa, Ba-Phalaborwa Local Municipality, Mopani District Municipality, Limpopo	South Africa			-23.992038, 31.128078	https://www.mindat.org/loc-3091.html			
LoolekopPipePalaboraMine	Loolekop pipe, Palabora Mine, Phalaborwa, Ba-Phalaborwa Local Municipality, Mopani District Municipality, Limpopo	South Africa			-23.992840, 31.130093	https://www.mindat.org/loc-278218.html			
AdamsPit	Adams Pit, Mamatwan Mine, Joe Morolong Local Municipality, John Taolo Gaetsewe District Municipality, Northern Cape	South Africa			-27.380703, 22.988110	https://www.mindat.org/loc-54254.html			
SebiloMine	Sebilo mine, Joe Morolong Local Municipality, John Taolo Gaetsewe District Municipality, Northern Cape	South Africa			-27.289769, 22.960192	https://www.mindat.org/loc-342874.html			
FilonNorteOpenPit	Filón Norte open pit (Filón Norte Mine), Tharsis Mines, Tharsis, Alosno, Huelva, Andalusia	Spain			37.596212, -7.109029	https://www.mindat.org/loc-166617.html			
LaParrillaMine	La Parrilla Mine (Adelaida open pit mine), Almoharín, Cáceres, Extremadura	Spain			39.075556, -6.084167	https://www.mindat.org/loc-158079.html			
ParkBurnOpenCut	Park Burn Opencut, Westgate, Stanhope, County Durham	England			54.743998, -2.122730	https://www.mindat.org/loc-143543.html			
ParkSlipWest	Park Slip West (Margam Opencast), Cefn Cribwr, Bridgend, Wales	England			51.542890, -3.644102	https://www.mindat.org/loc-12040.html			
NantHelenOpenCastCoalmine	Nant Helen opencast coal mine, Onllwyn, Neath Port Talbot, Wales	England			51.787594, -3.700838	https://www.mindat.org/loc-6902.html			
LavenderPit	Lavender Pit, Bisbee, Cochise County, Arizona	USA			31.431944, -109.898611	https://www.mindat.org/loc-3304.html			
ChristmasOpenPit	Christmas open pit, Christmas Mine, Christmas, Banner Mining District, Gila County, Arizona	USA			33.058990, -110.742390	https://www.mindat.org/loc-46144.html			
MetcalfOpenPit	Metcalf Mines (Arizona Copper Co. group; Metcalf Open pit), Clifton, Greenlee County, Arizona	USA			33.113333, -109.360556	https://www.mindat.org/loc-16265.html			
CopperstoneMine	Copperstone Mine, La Paz Mining District (Weaver Mining District), Dome Rock Mountains, La Paz County, Arizona	USA			33.873333, -114.289722	https://www.mindat.org/loc-10338.html			
SierritaMine	Sierrita Mine, Batamote Hills, Pima Mining District, Sierrita Mountains, Pima County, Arizona	USA			31.870833, -111.133333	https://www.mindat.org/loc-22945.html			
EsperanzaMine	Esperanza Mine, Pima Mining District, Sierrita Mountains, Pima County, Arizona	USA			31.867778, -111.128889	https://www.mindat.org/loc-11013.html			
PimaMine	Pima Mine, Mission complex, San Xavier, Pima Mining District, Sierrita Mountains, Pima County, Arizona	USA			31.982222, -111.063056	https://www.mindat.org/loc-3373.html			
TwinButtesMine	Twin Buttes Mine, Twin Buttes, Pima Mining District, Sierrita Mountains, Pima County, Arizona	USA			31.893056, -111.035000	https://www.mindat.org/loc-3376.html			
ElTiroMine	El Tiro Mine, Silver Bell Mine, Mineral Mountain, Silver Bell Mining District, Silver Bell Mountains, Pima County, Arizona	USA			32.415833, -111.536667	https://www.mindat.org/loc-36338.html			
RioTintoBoraxMine	Rio Tinto Borax Mine, Kramer Borate deposit, Boron, Kern County, California	USA			35.044444, -117.694444	https://www.mindat.org/loc-23409.html			
ClimaxMine	Climax Mine, Climax, Climax Mining District, Lake County, Colorado	USA			39.373592, -106.175917	https://www.mindat.org/loc-7745.html			
TecOpenPits 	Tec Open Pit A Thru L (Maybell Pit; Robb Pit), Maybell Mining District, Moffat County, Colorado	USA			40.550835, -108.000275	https://www.mindat.org/loc-116273.html			
CressonOpenPit	Cresson open pit, Cripple Creek, Cripple Creek Mining District, Teller County, Colorado	USA			38.727222, -105.144444	https://www.mindat.org/loc-67776.html			
GrouseCreek	Grouse Creek, Bismark, Yankee Fork Mining District, Custer County, Idaho	USA			44.436390, -114.738892	https://www.mindat.org/loc-137806.html			
Mahoning-Hull-RustMine	Mahoning-Hull-Rust Mine, Hibbing, St. Louis County, Minnesota	USA			47.452778, -92.960833	https://www.mindat.org/loc-11911.html			
MinorcaMine	Minorca Mine (Laurentian Mine; Minorca Taconite Project; Biwabik West), St. Louis County, Minnesota	USA			47.542778, -92.519167	https://www.mindat.org/loc-167247.html			
GoldQuarryMine	Gold Quarry Mine, Maggie Creek Mining Subdistrict, Carlin Trend, Eureka County, Nevada	USA			40.791389, -116.209167	https://www.mindat.org/loc-29501.html			
CortezOpenPitMine	Pipeline mine (Cortez Open Pit Mine), Bullion Mining District, Lander County, Nevada	USA			40.247000, -116.712000	https://www.mindat.org/loc-64013.html			
AnacondaYeringtonOpenPit	Anaconda's Yerington open pit,  Yerington, Yerington Mining District, Singatse Range, Lyon County, Nevada	USA			38.982778, -119.193056	https://www.mindat.org/loc-3910.html			
ParadisePeakMineOpenPit	Paradise Peak mine open pit, Paradise Peak Mine, Paradise Peak, Paradise Peak Mining District, Nye County, Nevada	USA			38.750000, -117.966667	https://www.mindat.org/loc-62247.html			
NYCOWollastoniteMine	NYCO wollastonite mine, Willsboro, Essex County, New York	USA			44.357917, -73.408790	https://www.mindat.org/loc-359866.html			
CocSauOpenPitMine	Coc Sau open-pit mine, Cam Pha Coalfield, Quảng Ninh Province	Vietnam			21.030153, 107.328941	https://www.mindat.org/loc-420773.html			
AdiRassi	Adi Rassi project, Dubaruba, Southern Region	Eritrea			15.04735,38.90637	https://www.mindat.org/loc-256911.html     https://portergeo.com.au/database/mineinfo.php?mineid=mn1644                    https://portergeo.com.au/database/mineinfo.php?mineid=mn1644#AdiRassi	yes	The Adi Rassi deposit, 30 kilometres south of Asmara, occurs in the southern section of the Adi Rassi–Kodatu mineralised trend within the Asmara District. It contains an estimated resource of 16 million tonnes at 0.5 percent copper and 0.3 grams per tonne gold. Copper, gold and silver mineralisation is associated with foliation planes, breccia zones and quartz veins developed along a major north–south shear zone traceable for more than 3 kilometres. Mining at Adi Rassi began in the 1930s, when Italian operators excavated a series of 10 to 20 metre deep open pits along the shear zone, mainly targeting oxide copper in the South Hill zone. The deposit was again exploited briefly in the 1980s, but operations were halted by military conflict during Eritrea’s struggle for independence from Ethiopia. Following renewed border hostilities between 1998 and 2000, modern exploration of the Asmara District resumed, focusing on volcanic-hosted massive sulphide copper, zinc, silver and gold systems and confirming Adi Rassi as a significant shear-hosted copper–gold target adjacent to the established volcanic-hosted massive sulphide deposits. These campaigns have progressively refined resources, geology and structural controls on mineralisation.	
DebarwaMine	Debarwa Mine, Dubaruba, Southern Region	Eritrea			15.09306,38.84528	https://zh.mindat.org/loc-10518.html  https://asmarino.com/eyewitness-account/1922-eritrea-report-from-massawa-copper-and-terror 	yes	The Debarwa deposit lies about 30 km south-southwest of central Asmara, the capital of Eritrea. It is hosted by an overturned, moderately to steeply dipping sequence of variably to intensely altered tholeiitic basaltic and rhyolitic volcanic rocks, with minor chemical sedimentary units. The exposed rusty, iron-rich, weathered caps at Debarwa attracted some of the earliest drilling in the district, both before and after Eritrean independence in 1993. The deposit was mined briefly in the 1980s, but operations ceased when military conflict intensified during Eritrea’s struggle for independence from Ethiopia. After renewed border hostilities between 1998 and 2000 subsided, systematic exploration of the Asmara district resumed. Debarwa now forms part of the Asmara Project, an advanced copper-zinc-gold-silver development that includes four main deposits—Debarwa, Emba Derho, Adi Nefas and Gupo—and two pipeline deposits, Adi Rassi and Kodadu. Most operating and exploration companies involved are Western, particularly from Canada, Australia and the UK, and their senior technical expertise largely reflects these origins. Eritreans are employed mainly in supplies, accounting, clerical roles, machinery operation and technical support. However, the bulk of the manual workforce is drawn from National Service conscripts, who have been reported to work under highly exploitative conditions, with inadequate food and poor living quarters.	
EmbaDerhoMine	Emba Derho Mine, Emba Derho, Central Region	Eritrea			15.41579,38.88897	https://zh.mindat.org/loc-256910.html   https://www.mining-technology.com/projects/asmara-copper-zinc-gold-silver-project/ 	yes	Emba Derho is a large volcanogenic massive sulphide deposit hosting gold, silver, copper and zinc, located west-north-west of Asmara. It belongs to the Asmara Project, which comprises four advanced deposits—Debarwa, Emba Derho, Adi Nefas and Gupo—and two pipeline deposits, Adi Rassi and Kodadu. Mineralisation at Emba Derho extends over about 1,250 m of strike and 850 m in width, while Adi Nefas occurs as an elongated north-northeast-trending, steeply east-dipping massive sulphide layer within a bimodal sequence of metavolcanic and metasedimentary rocks. The project is planned in three phases. Phase I began with open-pit mining at Debarwa and shipment of direct shipping ore through the port of Massawa. Phase II adds a gold heap-leach operation on near-surface ore and mining of supergene copper from Debarwa and Emba Derho, processed at a central 2 million tonnes per year flotation plant at Emba Derho, with copper concentrate plus gold and silver by-products exported via Massawa. Phase III will treat primary copper and zinc ores from Emba Derho and nearby sites, producing copper and zinc concentrates. Power is generated onsite from diesel and medium-fuel-oil generators, water is largely recycled, yet local communities question the benefits and landscape and agricultural impacts.	
GupoDeposit	Gupo deposit, Ad Nefas, Asmara, Central Region	Eritrea			15.38958,38.93755	https://www.mindat.org/loc-215101.html   https://portergeo.com.au/database/mineinfo.php?mineid=mn1644    https://www.caesarsreport.com/reports/report-alpha-exploration-exploring-for-gold-in-eritrea/   https://zehabesha.com/china-inaugurates-new-half-a-billion-dollar-mining-project-in-eritrea/ 	yes	The Gupo mine lies within the Asmara District of Eritrea, where volcanic-hosted massive sulphide deposits of copper, zinc, silver and gold occur close to the capital, Asmara. Gupo itself is predominantly a gold deposit hosted in highly deformed, strongly foliated mafic flows and mafic tuffs, intercalated and crosscut by thin quartz-phyric felsic flows and subordinate dykes. The highest-grade gold mineralisation occurs in crystalline, coarse-grained pyrite within quartz veins, while lower-grade gold is associated with medium- to coarse-grained euhedral to sub-euhedral pyrite in sericite-altered selvages. Gupo forms part of the Asmara Project, held by the Asmara Mining Share Company, a 60:40 joint venture between the Chinese company SRBM and state-owned ENAMCO. The project comprises four deposits—Emba Derho, Adi Nefas, Gupo and Debarwa. In the first phase, high-grade copper ore will be mined by open pit at Debarwa, containerised, and transported 120 km to the port of Massawa for shipment to a Chinese smelter. At full production, the project is expected to operate for 17 years and annually yield about 29,000 t copper, 83,000 t zinc, 42,000 oz gold and 1 million oz silver in its first eight years. Concerns have been voiced about the benefit of these operations to the local inhabitants and the impact on the surrounding landscape and agriculture.	
Hambok	Hambok Zn-Ag Project, Gash Barka Region	Eritrea			15.41252,37.39713	https://www.mindat.org/loc-298163.html   https://d9-wret.s3.us-west-2.amazonaws.com/assets/palladium/production/mineral-pubs/country/2006/myb3-2006-er.pdf   https://zehabesha.com/china-inaugurates-new-half-a-billion-dollar-mining-project-in-eritrea/	yes	The Hambok mine, a major silver- and zinc-bearing site, is one of several operations developed along Eritrea’s volcanic massive sulfide belt, where mineral extraction has a long history. After a suspension of all mineral exploration was lifted in early 2005, the Government revised its mining framework, increasing its maximum equity stake in projects to 30% from 2006 onward. Eritrea’s mining code, modelled on that of Australia’s Northern Territory, stipulates royalties of 5% on precious metals and 3% on base metals, alongside a 35% corporate tax rate. Within this framework, Sanu Resources emerged as the leading exploration landholder, with licences covering more than 2,600 km², focused largely on Hambok, its most recent volcanic massive sulfide discovery in the polymetallic belt. Drilling—7,382 m across 43 diamond drill holes—confirmed extensive massive sulfide mineralisation over more than 1,050 m of strike length and 300 m downdip, remaining open in all directions and indicating significant copper-zinc potential. Since 2012, the Hambok copper-zinc deposit has been part of the Bisha Mining Company, 60% owned by Nevsun Resources and 40% by the Eritrean National Mining Company.	
HarenaMine	Harena Mine, Gash Barka Region	Eritrea			15.44176,37.46133	https://zh.mindat.org/loc-431368.html   https://en.wikipedia.org/wiki/Gash-Barka_region   https://ejatlas.org/conflict/bisha-mine-and-slavery-eritrea	yes	The Harena Mine is an open copper and zinc operation located close to the better-known Bisha site in Eritrea’s Gash-Barka region, north of the provincial capital Barentu. Developed as a satellite deposit to the northwest of the Bisha main zone, Harena is estimated, as of 2023, to contain proven and probable reserves of about 3.09 million tonnes of zinc at an average grade of 3.75% and 800,000 tonnes of copper at 0.97%. The operation is run by Zijin-Bisha Mining, an Eritrean company established to develop and operate the Bisha district mines, and jointly owned by China’s Zijin Mining Group, with a 55% stake, and the state-owned Eritrean National Mining Corporation, with 45%. Although the region is highly mineralised, it is also the agricultural heartland of Eritrea and was once heavily forested before widespread deforestation transformed the highland plateau. Politically, the country has been ruled by a single party, the People’s Front for Democracy and Justice, the successor to the Eritrean People’s Liberation Front, since independence in 1991, and continues to operate under a transitional government elected in 1993, with national elections originally scheduled for 2001 repeatedly postponed. This political context shapes governance of mining and land use practices.	
UgaroMine	Ugaro Mine, Awgaro (Ugaro), Gash Barka Region	Eritrea			14.78250,37.30000	https://zh.mindat.org/loc-28710.html     https://minamataconvention.org/sites/default/files/documents/national_action_plan/Eritrea-NAP-2023_EN.pdf     http://www.eritreaembassy-japan.org/data/mineral.pdf       https://www.sec.gov/Archives/edgar/data/919991/000113717105001630/nevsunrelease100305.htm    http://www.eritreaembassy-japan.org/data/mineral.pdf     https://www.xcept-research.org/illicit-gold-is-exacerbating-ethiopias-conflicts-2/	yes	The south-western part of Eritrea is one of the most prospective gold-bearing regions in the country. The Augaro mine developed on a series of quartz veins and stringers, some showing sulphide mineralisation, formed in a low-pressure zone related to a regional shear system. The wider area hosts hundreds of small historic mines and operations that were active during the Italian occupation, which ended in 1941 with the East African campaign of World War II. Augaro was reportedly the most productive gold mine in Eritrea, and during Italian colonisation mercury amalgamation was widely used, with tailings dumped without proper waste management. Today, gold mining is increasingly informal and largely outside federal control; some projects have been overtaken by illegal exploration, extraction and smuggling, often in collusion with state and non-state actors. These activities generally ignore sustainable mining practices and worker health. A major environmental and health concern is mercury release from artisanal and small-scale mining, including in-situ evaporation from tailings near farming areas in Eritrea’s hot climate. Land degradation from unrehabilitated pits is substantial, and because small-scale mining is largely informal and miners’ awareness is limited, land reclamation remains extremely rare.	
PoggioSanVittoreAsbestosMine	Balangero, Metropolitan City of Turin, Piedmont	Italy			45.29246,7.51382	https://www.mindat.org/loc-2110.html			
TraversellaMine	Traversella, Metropolitan City of Turin, Piedmont	Italy			45.51304,7.75723	https://www.mindat.org/loc-2105.html			
KreasMine	Alagna Valsesia, Vercelli Province, Piedmont	Italy			45.87283,7.93531	https://www.mindat.org/loc-72734.html			
CimaViribianc	Castelmagno, Cuneo Province, Piedmont	Italy			44.38589,7.16716	https://www.mindat.org/loc-29840.html			
CarbocalcioQuarry	Carbocalcio Quarry (Marmorea Quarry), San Lorenzo, Valdieri, Cuneo Province, Piedmont	Italy			44.26258,7.36148	https://www.mindat.org/loc-418907.html			
FurteiMine	Furtei mine, Furtei, South Sardinia Province, Sardinia	Italy			39.54242,8.96733	https://www.mindat.org/loc-55997.html			
SuPedrosuQuarry	Su Pedrosu quarry, Bessude, Sassari Province, Sardinia	Italy			40.56174,8.65600	https://www.mindat.org/loc-443123.html			
RoccaSanSilvestro	Rocca San Silvestro slag locality, Campiglia Marittima, Livorno Province, Tuscany	Italy			43.08611,10.60333	https://www.mindat.org/loc-206310.html   https://www.tripadvisor.com/Attraction_Review-g608937-d2244195-Reviews-Parco_Archeominerario_Di_San_Silvestro-Campiglia_Marittima_Province_of_Livorno_Tu.html 			